Select Business,THRESHOLD
Small Business,1
Small Business,250000
Small Business,500000
Small Business,1000000
Small Business,3000000
Small Business,5000000
Small Business,10000000
CNA COMMERCIAL,1
CNA COMMERCIAL,250000
CNA COMMERCIAL,500000
CNA COMMERCIAL,1000000
CNA COMMERCIAL,3000000
CNA COMMERCIAL,5000000
CNA COMMERCIAL,10000000
CNA SPECIALTY,1
CNA SPECIALTY,250000
CNA SPECIALTY,500000
CNA SPECIALTY,1000000
CNA SPECIALTY,3000000
CNA SPECIALTY,5000000
CNA SPECIALTY,10000000
